{
  "curated_data": {
    "samples": 4994,
    "categories": 9,
    "optimal_k": 2,
    "optimal_silhouette": 0.9943135898165911,
    "silhouette_by_k": {
      "2": 0.9943135898165911,
      "3": 0.9913099075077356,
      "4": 0.9901141919277462,
      "5": 0.9828363694202455,
      "6": 0.9828639298988537,
      "7": 0.9827184416539091,
      "8": 0.9635311108547798,
      "9": 0.9693026241863474,
      "10": 0.9640945996601046,
      "11": 0.9640120495580813
    }
  },
  "benchmark_data": {
    "samples": 812,
    "categories": 8,
    "optimal_k": 2,
    "optimal_silhouette": 0.9833025086835865,
    "silhouette_by_k": {
      "2": 0.9833025086835865,
      "3": 0.9698540209395443,
      "4": 0.973177814632742,
      "5": 0.9718992687366547,
      "6": 0.9697071576380959,
      "7": 0.9701588673696255,
      "8": 0.9637033078905083,
      "9": 0.9630356087282101,
      "10": 0.9606647357461411,
      "11": 0.959804848876206
    }
  },
  "interpretation": {
    "same_optimal_k": true,
    "k5_natural_in_your_data": false,
    "k8_natural_in_benchmark": false
  }
}
