{
  "feature_importance": {
    "geometric_structural": 0.09999995842392975,
    "spatial_layout": 3.9305313673520264e-08,
    "contrast_color": 1.7392384734993277e-08,
    "motion_dynamics": 4.2287559289021366e-09,
    "pattern_rhythm": 1.8068928415442263e-09,
    "visual_mass_focus": 2.654138023455176e-10,
    "framing_breathing": 1.5394343707674095e-20
  },
  "optimal_clusters": {
    "k_range": [
      2,
      3,
      4,
      5,
      6,
      7,
      8,
      9,
      10,
      11,
      12,
      13,
      14,
      15,
      16,
      17,
      18,
      19,
      20,
      21,
      22,
      23,
      24,
      25,
      26,
      27,
      28,
      29
    ],
    "silhouette_scores": [
      0.6445210576057434,
      0.700676441192627,
      0.5345922708511353,
      0.5757336020469666,
      0.5263739228248596,
      0.5451691150665283,
      0.49646368622779846,
      0.5123107433319092,
      0.4983331561088562,
      0.5130744576454163,
      0.49576717615127563,
      0.4979189932346344,
      0.44846290349960327,
      0.4875011146068573,
      0.4399999678134918,
      0.4510764479637146,
      0.44801095128059387,
      0.4473707377910614,
      0.4458521008491516,
      0.4468024671077728,
      0.4397021532058716,
      0.443692684173584,
      0.43612271547317505,
      0.4292164146900177,
      0.4285443425178528,
      0.42382872104644775,
      0.4296821355819702,
      0.42844563722610474
    ],
    "davies_bouldin_scores": [
      0.7578729191291702,
      0.34729557636215674,
      0.6385737445277369,
      0.5490621612904383,
      0.5044173038342729,
      0.500920587838076,
      0.589280023790284,
      0.583740611413818,
      0.5753620206106876,
      0.5712022522964367,
      0.6107260104428495,
      0.6532567292278519,
      0.7071769433920512,
      0.6712350964249703,
      0.7191150888261708,
      0.7030715609921724,
      0.7223180555193364,
      0.7378260424922994,
      0.7201948983206142,
      0.7305999308708339,
      0.7212577244550826,
      0.7324101071918449,
      0.7405696820336206,
      0.7718503887209041,
      0.7736915863181519,
      0.794662822338366,
      0.763430584109825,
      0.7784027550468235
    ],
    "calinski_harabasz_scores": [
      7128.51318359375,
      10045.9072265625,
      10369.3515625,
      11046.2353515625,
      13475.5302734375,
      16303.1796875,
      17374.07421875,
      17711.3671875,
      19053.935546875,
      20478.28515625,
      21135.37109375,
      22036.572265625,
      22044.10546875,
      22465.70703125,
      23210.49609375,
      23727.96875,
      23953.236328125,
      23667.328125,
      24139.658203125,
      23964.01953125,
      24338.810546875,
      23996.9453125,
      24622.857421875,
      24541.634765625,
      24571.17578125,
      24498.2265625,
      24904.052734375,
      24693.208984375
    ],
    "optimal_k_silhouette": 3,
    "optimal_k_davies_bouldin": 3,
    "optimal_k_calinski_harabasz": 28
  },
  "kmeans_labels": "[  1  77  95 ... 103   0  18]",
  "hierarchical_labels": "[152  93  99 ...   2  12  23]",
  "dbscan_labels": "[0 1 0 ... 5 2 2]",
  "kmeans_alignment": {
    "adjusted_mutual_info": 0.0808969001051122,
    "normalized_mutual_info": 0.4031248538727876,
    "adjusted_rand_index": 0.01782621042890933,
    "label_purities": {
      "candid": 0.3333333333333333,
      "candid birds": 0.25,
      "candid bridge": 0.15384615384615385,
      "candid candles": 0.3333333333333333,
      "candid cathedral": 0.15789473684210525,
      "candid city": 0.06666666666666667,
      "candid desert": 0.3333333333333333,
      "candid empty room": 0.16666666666666666,
      "candid forest": 0.13793103448275862,
      "candid garden": 0.125,
      "candid hands": 0.1111111111111111,
      "candid library": 0.16666666666666666,
      "candid mountain": 0.09523809523809523,
      "candid rain": 0.06666666666666667,
      "candid sea": 0.11538461538461539,
      "candid silhouette": 0.3333333333333333,
      "candid snow": 0.1,
      "candid stage": 0.0625,
      "candid staircase": 0.15384615384615385,
      "candid streetlamp": 0.09090909090909091,
      "candid sunset": 0.3333333333333333,
      "candid train": 0.06666666666666667,
      "candid window": 0.1,
      "ethereal": 0.1111111111111111,
      "ethereal bridge": 0.125,
      "ethereal castle": 0.16666666666666666,
      "ethereal cathedral": 0.06,
      "ethereal city": 0.1,
      "ethereal desert": 0.1724137931034483,
      "ethereal forest": 0.06,
      "ethereal garden": 0.1724137931034483,
      "ethereal library": 0.2857142857142857,
      "ethereal mountain": 0.10344827586206896,
      "ethereal rain": 0.075,
      "ethereal sea": 0.16,
      "ethereal snow": 0.10344827586206896,
      "ethereal staircase": 0.1111111111111111,
      "ethereal sunset": 0.08163265306122448,
      "ethereal train": 1.0,
      "haunted bridge": 0.11764705882352941,
      "haunted castle": 0.18181818181818182,
      "haunted cathedral": 0.06666666666666667,
      "haunted city": 0.09090909090909091,
      "haunted desert": 0.16666666666666666,
      "haunted empty room": 0.13333333333333333,
      "haunted forest": 0.1,
      "haunted garden": 0.06666666666666667,
      "haunted library": 0.16666666666666666,
      "haunted mountain": 0.18181818181818182,
      "haunted sea": 0.2857142857142857,
      "haunted snow": 0.1,
      "haunted staircase": 0.0851063829787234,
      "haunted streetlamp": 0.19047619047619047,
      "haunted sunset": 0.06666666666666667,
      "haunted temple": 0.11764705882352941,
      "haunted train": 0.13333333333333333,
      "haunted window": 0.07692307692307693,
      "introspective": 0.06666666666666667,
      "introspective bridge": 0.13793103448275862,
      "introspective castle": 0.06666666666666667,
      "introspective cathedral": 0.12903225806451613,
      "introspective city": 0.08695652173913043,
      "introspective desert": 0.1,
      "introspective empty room": 0.08163265306122448,
      "introspective forest": 0.06666666666666667,
      "introspective garden": 0.1111111111111111,
      "introspective library": 0.5,
      "introspective mountain": 0.1,
      "introspective rain": 0.25,
      "introspective sea": 0.13333333333333333,
      "introspective snow": 0.05555555555555555,
      "introspective staircase": 1.0,
      "introspective streetlamp": 0.5,
      "introspective sunset": 0.1,
      "introspective temple": 0.125,
      "introspective train": 0.16666666666666666,
      "introspective window": 0.14285714285714285,
      "melancholic": 0.1,
      "melancholic bridge": 0.10204081632653061,
      "melancholic castle": 0.06666666666666667,
      "melancholic cathedral": 0.08333333333333333,
      "melancholic city": 0.06896551724137931,
      "melancholic desert": 0.061224489795918366,
      "melancholic empty room": 0.2,
      "melancholic forest": 0.1,
      "melancholic garden": 0.08163265306122448,
      "melancholic library": 0.125,
      "melancholic mountain": 0.1,
      "melancholic rain": 0.061224489795918366,
      "melancholic sea": 0.1,
      "melancholic snow": 0.10204081632653061,
      "melancholic staircase": 0.08163265306122448,
      "melancholic streetlamp": 0.1702127659574468,
      "melancholic sunset": 0.08,
      "melancholic temple": 0.06,
      "melancholic train": 0.08163265306122448,
      "melancholic window": 0.14583333333333334,
      "nostalgic birds": 0.09090909090909091,
      "nostalgic bridge": 0.06666666666666667,
      "nostalgic candles": 0.06666666666666667,
      "nostalgic castle": 0.1,
      "nostalgic cathedral": 0.125,
      "nostalgic city": 0.06666666666666667,
      "nostalgic desert": 0.2222222222222222,
      "nostalgic empty room": 0.13333333333333333,
      "nostalgic forest": 0.06896551724137931,
      "nostalgic garden": 0.10344827586206896,
      "nostalgic hands": 0.13333333333333333,
      "nostalgic library": 0.16666666666666666,
      "nostalgic mountain": 0.10344827586206896,