,geometric_structural,spatial_layout,contrast_color,motion_dynamics,pattern_rhythm,visual_mass_focus,framing_breathing
geometric_structural,1.0,0.06685776886687417,0.31821260794696793,0.5245727003958739,0.07668571486974693,-0.008087365656257364,0.024066891783048137
spatial_layout,0.06685776886687417,1.0,0.04112448369915856,-0.00627878921134591,0.03652945117849632,0.007562821857575202,-0.02352741896191891
contrast_color,0.31821260794696793,0.04112448369915856,1.0,0.5687358805756314,0.34448882448615065,0.12600769035390244,-0.0051684715516551755
motion_dynamics,0.5245727003958739,-0.00627878921134591,0.5687358805756314,1.0,0.18421490527335121,0.035419907116134436,0.07025545006435513
pattern_rhythm,0.07668571486974693,0.03652945117849632,0.34448882448615065,0.18421490527335121,1.0,0.05632693970264969,-0.3045415501775548
visual_mass_focus,-0.008087365656257364,0.007562821857575202,0.12600769035390244,0.035419907116134436,0.05632693970264969,1.0,0.038144518653932764
framing_breathing,0.024066891783048137,-0.02352741896191891,-0.0051684715516551755,0.07025545006435513,-0.3045415501775548,0.038144518653932764,1.0
