{
  "total_samples": 4994,
  "total_modifiers": 9,
  "clustering_metrics": {
    "k_range": [
      2,
      3,
      4,
      5,
      6,
      7,
      8,
      9,
      10,
      11,
      12,
      13,
      14,
      15
    ],
    "silhouette_scores": [
      0.9943135898165911,
      0.9913099075077356,
      0.9901141919277462,
      0.9828363694202455,
      0.9828639298988537,
      0.9827184416539091,
      0.9635311108547798,
      0.9693026241863474,
      0.9640945996601046,
      0.9640120495580813,
      0.9640353432024674,
      0.9641387639687979,
      0.964501632885238,
      0.950552455337828
    ],
    "davies_bouldin_scores": [
      0.15592446830518517,
      0.31145043189279004,
      0.3640212672871673,
      0.38526122767071913,
      0.3736041932859709,
      0.388983584083593,
      0.40818030945789463,
      0.41236909776457487,
      0.3729626276527389,
      0.343506917455932,
      0.3497158903336212,
      0.36134656901382023,
      0.34382745923767416,
      0.3500756452100092
    ],
    "calinski_harabasz_scores": [
      56858.39185076461,
      86345.18034688206,
      94572.07324821597,
      135394.5394582617,
      160380.40676466507,
      166724.01098118184,
      191183.26153388387,
      215638.89373741095,
      249608.16178842157,
      256711.38328048098,
      269301.0993927283,
      289947.7879453311,
      318934.3343433196,
      363067.2048477922
    ],
    "optimal_k_silhouette": 2,
    "optimal_k_davies_bouldin": 2,
    "optimal_k_calinski_harabasz": 15
  }
}